Country,Prompt,Actual Answer,Response,Legislations,k,rerank,Context_1,Meta_1
Unitedkingdom,"An employee in England is currently on maternity leave under the Employment Rights Act 1996. During her leave, her employer announces a redundancy process due to company restructuring. Additionally, there are health and safety concerns at the workplace that might affect her return. Considering the Maternity and Parental Leave etc. Regulations 1999 (as amended), the Equality Act 2010, the Management of Health and Safety at Work Regulations 1999, and relevant case law, what protections does she have during redundancy, and how should the employer proceed?","Under the Maternity and Parental Leave etc. Regulations 1999, specifically Regulation 10, if an employee on maternity leave is at risk of redundancy, she must be offered any suitable alternative vacancy available before it is offered to other employees, giving her priority for redeployment opportunities. The Equality Act 2010, particularly Section 18, prohibits discrimination because of pregnancy or maternity, requiring employers to ensure that redundancy selection criteria do not disadvantage employees on maternity leave to avoid unlawful discrimination claims. Regarding health and safety, the Management of Health and Safety at Work Regulations 1999, Regulation 16, mandates employers to perform a specific risk assessment for new or expectant mothers, and if risks are identified and cannot be avoided, the employer must adjust her working conditions or hours, offer suitable alternative work on no less favorable terms, or if no alternative is available, suspend her on full pay. Relevant case law, such as Sefton Borough Council v Wainwright [2014] EWCA Civ 953, confirms the obligation to offer suitable alternative employment to employees on maternity leave before others. Therefore, the employer must conduct a fair and non-discriminatory redundancy process, prioritize the employee for any suitable alternative positions, and address health and safety concerns by performing risk assessments and taking necessary actions to protect the employee.","

The employee in question is entitled to several protections under UK law as she navigates redundancy while on maternity leave. Here's a structured overview of her rights and the employer's responsibilities:

### Employee Protections:
1. **Maternity Leave Entitlements**: 
   - She is protected under the Maternity and Parental Leave etc. Regulations 1999 (amended), granting her 26 weeks of leave post-birth or adoption.
   
2. **Redundancy Protections**:
   - Under these regulations, she is entitled to written notification of redundancy and the reasons behind it. Her employment should not be terminated without considering alternatives such as reorganization or alternative roles.

3. **Discrimination and Equality Act**:
   - The Equality Act 2010 safeguards her against discrimination based on pregnancy or maternity leave status. Her employer must ensure no adverse actions are taken that disadvantage her due to her circumstances.

4. **Health and Safety Requirements**:
   - The Management of Health and Safety at Work Regulations 1999 mandate that her workplace remains safe. She may request a safe working environment, potentially extending her leave if necessary.

### Employer Responsibilities:
1. **Compliance with Redundancy Procedures**:
   - The employer must follow proper procedures, including consultation with the employee to explore reorganization or alternative roles before making redundancy decisions.

2. **Health and Safety Assessment**:
   - The employer is required to assess workplace safety and take corrective actions if risks are identified. If her return poses health dangers, they may need to extend her leave or find a safe alternative role.

### Considerations:
- The employee should communicate health concerns formally, seeking a safe working environment as per regulations.
- While case law provides examples of successful challenges against discrimination (e.g., the Morris case), she must assert her rights if she believes her rights are being violated.

In summary, the employee has significant protections against unfair redundancy actions and potential health risks, while the employer must ensure compliance with legal requirements to support her situation.","['', ' Maternity and Parental Leave etc. Regulations 1999, Regulation 10\r\n', ' Equality Act 2010, Section 18\r\n', ' Management of Health and Safety at Work Regulations 1999, Regulation 16']",1,True,"Protection from detriment
12.—(1) An employee is entitled under section 47C(1) of the 1996 Act not to be subjected to any detriment by any act, or any deliberate failure to act, by an employer because—
(a)
the employee took, sought to take, or made use of the benefits of, parental bereavement leave, or
(b)
the employer believed that the employee was likely to take parental bereavement leave.
(2) For the purposes of paragraph (1)(a), an employee makes use of the benefits of parental bereavement leave if, during a period of parental bereavement leave, the employee benefits from any of the terms and conditions of employment preserved by regulation 9 during that period.
(3) Paragraph (1) does not apply where the detriment in question amounts to a dismissal within the meaning of Part 10 of the 1996 Act.
(1)
Section 47C was inserted by the Employment Relations Act 1999, Schedule 4, Part 3, paragraphs 5 and 8 and amended by the Parental Bereavement (Leave and Pay) Act 2018, Schedule, Part 3, paragraphs 20 and 22.","{'category': 'Exclusively or primarily applies to UK', 'country': 'UnitedKingdom', 'file': 'The Parental Bereavement Leave Regulations 2020_Superseded by 2020 No. 249.txt', 'legislation': 'UK Draft Statutory Instruments', 'url': 'https://www.legislation.gov.uk/ukdsi/2020/9780111192245/regulation/12', 'year': '2020'}"
Unitedkingdom,"A tenant in England reports a malfunctioning carbon monoxide alarm installed under the Smoke and Carbon Monoxide Alarm (Amendment) Regulations 2022. Despite notifying the landlord, the alarm has not been repaired or replaced after three weeks. The tenant is concerned about safety and compliance. Under the Smoke and Carbon Monoxide Alarm Regulations 2015 (as amended), what are the landlord's legal obligations, and what actions can the tenant take?","Under Regulation 6 of the Smoke and Carbon Monoxide Alarm (England) Regulations 2015, when a landlord is served with a remedial notice for breaching one or more duties outlined in Regulation 4(1) (such as failing to install or maintain smoke or carbon monoxide alarms), the landlord must take the specified remedial actions within the timeframe set out in Regulation 5(2)(d), typically 28 days from the notice's issuance. This regulation imposes a clear duty on the landlord to address the breach promptly and ensures tenant safety through enforcement mechanisms. However, Regulation 6(2) provides that a landlord will not be considered in breach of this obligation if they can demonstrate that they have taken all reasonable steps, short of initiating legal proceedings, to comply with the duty. Reasonable steps may include hiring contractors, arranging access to the property, or documenting efforts to resolve tenant-related barriers to compliance. Proper evidence of these steps is crucial to establish the landlord’s diligence. This provision ensures that while landlords are held accountable, genuine efforts to comply are recognized, even if the issue remains unresolved due to circumstances beyond their control.","

Under the Smoke and Carbon Monoxide Alarm Regulations 2015 (as amended), landlords in England have a legal obligation to ensure that all required smoke and carbon monoxide alarms are maintained in good working order. Specifically, if notified of an issue by the tenant, the landlord must take steps to repair or replace the malfunctioning alarm within a reasonable timeframe, typically not exceeding three weeks.

If a tenant reports a malfunctioning carbon monoxide alarm and the landlord fails to address it promptly, the tenant has several options to ensure their safety and compliance with the law:

1. **Document the Issue**: Keep detailed records of all communications with the landlord, including dates and any responses received.

2. **Request Repairs/Replacement**: The tenant can formally request that the landlord either repairs the existing alarm or replaces it with a new one that meets British Standards.

3. **Seek Assistance from Authorities**: If the landlord does not respond, the tenant can contact a housing advisor or local authority for assistance. These organizations can provide guidance and may intervene on behalf of the tenant to ensure compliance with safety regulations.

4. **Consider Legal Actions**: In severe cases where landlord inaction endangers the tenant's safety, the tenant might explore legal avenues, such as reporting the issue to the relevant regulatory body or seeking judicial intervention.

It's important to note that failing to comply with these regulations can lead to penalties for landlords, including fines and potential legal consequences. Therefore, it is crucial for landlords to address tenant concerns promptly to avoid unnecessary risks and ensure compliance with legal obligations.","['', ' Smoke and Carbon Monoxide Alarm (England) Regulations 2015 – Regulation 6: Duty of Relevant Landlord to Comply with a Remedial Notice\r\n', ' Smoke and Carbon Monoxide Alarm (England) Regulations 2015 – Regulation 4: Duties of Landlords\r\n', ' Smoke and Carbon Monoxide Alarm (England) Regulations 2015 – Regulation 5: Remedial Notices']",1,True,"EXPLANATORY NOTE
(This note is not part of the Regulations)
These Regulations set minimum standards for the purpose of determining whether a landlord of a private tenancy has complied with the duty contained in Article 11B(1) of the Private Tenancies (Northern Ireland) Order 2006 (S.I. 2006 No. 1459 (N.I. 10) to keep in repair and working order sufficient appliances for detecting fire, smoke or carbon monoxide.
Regulations 1 and 2 set out preliminary matters and define terms used in the Regulations.
Regulation 3 sets out the duties of a landlord in relation to the minimum number of smoke, heat and carbon monoxide alarms required in a dwelling-house.
Regulation 4 stipulates the alarm requirements to meet the British Standards.
Guidance on the implementation of the Smoke, Heat and Carbon Monoxide Alarms for Private Tenancies Regulations (Northern Ireland) 2024 has been published and is available on the Department for Communities website at https://www.communities-ni.gov.uk/articles/smoke-heat-and-carbon-monoxide-alarms-private-tenancies-regulations-northern-ireland-2024-guidance.","{'category': 'May contain legislation that applies to UK', 'country': 'UnitedKingdom', 'file': 'The Smoke, Heat and Carbon Monoxide Alarms for Private Tenancies Regulations (Northern Ireland) 2024.txt', 'legislation': 'Northern Ireland Statutory Rules', 'url': 'https://www.legislation.gov.uk/nisr/2024/123/note', 'year': '2024'}"
Unitedkingdom,"An apprentice in England has turned 19 and has completed the first year of their apprenticeship. However, they are still being paid the apprenticeship wage, which is lower than the National Minimum Wage for their age. Under the National Minimum Wage Act 1998 (as amended) and the National Minimum Wage Regulations 2015, what are the apprentice's rights regarding wages, and what steps can they take if their employer is not compliant?","An apprentice in England has turned 19 and has completed the first year of their apprenticeship. However, they are still being paid the apprenticeship wage, which is lower than the National Minimum Wage for their age. Under the National Minimum Wage Act 1998 (as amended) and the National Minimum Wage Regulations 2015, what are the apprentice's rights regarding wages, and what steps can they take if their employer is not compliant?","

An apprentice in England who has turned 19 and completed their first year of apprenticeship can take the following steps to assert their wage rights:

1. **Understand Their Entitlement**: After completing the first year, the National Minimum Wage (NMW) for their age group (18-20 years old) is £5.28 per hour.

2. **Request Wage Adjustment**: The apprentice can write to their employer requesting an increase in pay to the NMW rate for their age bracket.

3. **Seek Confirmation from Employer**: If the employer refuses, the apprentice should provide written notice and an opportunity for the employer to respond within 28 days before proceeding further.

4. **Escalate if Necessary**: If unresolved, the apprentice can escalate the issue by submitting a claim to the Employment Tribunal within three months of the final refusal or two years from the unlawful deduction, whichever is later.

5. **Seek External Support**: They can contact HMRC's helpline for guidance or ACAS for advice and assistance in understanding their rights and resolving the issue.

By following these steps, the apprentice can ensure they receive the correct wage entitlement as per UK employment laws.","['', ' National Minimum Wage Act 1998:\r\n', ' Employment Rights Act 1996, Section 13:\r\n', ' National Minimum Wage Regulations 2015, Regulation 5(1)']",1,True,"EXPLANATORY NOTE
(This note is not part of the Regulations)
These Regulations amend the National Minimum Wage Regulations 2015 (“the 2015 Regulations”) (S.I. 2015/621). These Regulations come into force on 1st April 2023.
Regulation 2(2) increases the rate of the national living wage for workers who are aged 23 or over from £9.50 to £10.42 per hour (regulation 4 of the 2015 Regulations).
Regulation 2(3)(a) increases the rate of the national minimum wage for workers who are aged 21 or over (but not yet aged 23) from £9.18 to £10.18 per hour (regulation 4A(1)(a) of the 2015 Regulations).
Regulation 2(3)(b) increases the rate of the national minimum wage for workers who are aged 18 or over (but not yet aged 21) from £6.83 to £7.49 per hour (regulation 4A(1)(b) of the 2015 Regulations).
Regulation 2(3)(c) increases the rate of the national minimum wage for workers who are under the age of 18 from £4.81 to £5.28 per hour (regulation 4A(1)(c) of the 2015 Regulations).
The apprenticeship rate applies to workers within regulation 5(1)(a) and (b) of the 2015 Regulations. Regulation 2(3)(d) of these Regulations increases the rate for such workers from £4.81 to £5.28 per hour (regulation 4A(1)(d) of the 2015 Regulations).
Regulation 2(4) increases the accommodation offset amount which is applicable where any employer provides a worker with living accommodation from £8.70 to £9.10 for each day that accommodation is provided (regulation 16(1) of the 2015 Regulations).
A full regulatory impact assessment of the effect that this instrument will have on the costs of business and the voluntary sector is available from the Labour Market Directorate, Department for Business and Trade, 1 Victoria Street, London SW1H 0ET and is annexed to the Explanatory Memorandum which is available alongside the instrument on www.legislation.gov.uk.","{'category': 'Exclusively or primarily applies to UK', 'country': 'UnitedKingdom', 'file': 'The National Minimum Wage (Amendment) Regulations 2023.txt', 'legislation': 'UK Statutory Instruments', 'url': 'https://www.legislation.gov.uk/uksi/2023/354/note/made', 'year': '2023'}"
Unitedkingdom,"Residents in an English town are concerned that their local authority has not implemented separate food waste collections, as required by the Environment Act 2021. The deadline has passed, and there is no plan in place. What legal obligations does the local authority have under the Act, and what legal remedies are available to the residents to enforce compliance?","Under the Environment Act 2021, specifically Section 57, which inserts Section 45AZB into the Environmental Protection Act 1990, local authorities in England are legally obligated to arrange for the separate collection of food waste from households; failure to do so constitutes a breach of statutory duty. Residents can raise the issue with the local authority by submitting formal complaints requesting compliance, engage with local councillors and Members of Parliament (MPs) to advocate for action, and may have standing to apply for a judicial review of the local authority's failure to comply with statutory duties, as established in cases like R (on the application of Greenpeace Ltd) v Secretary of State for Trade and Industry [1998] Env LR 415; they must act promptly and within three months of the grounds arising.","

Under the Environment Act 2021, which places resource efficiency and waste reduction as priorities, local authorities in England have specific obligations regarding food waste management. These include implementing measures to separate food waste from other waste streams as required by the law. Failure to do so constitutes a breach of these obligations.

**Legal Obligations:**
- **Compliance Requirement:** Local authorities must establish systems for separate collection of food waste, as mandated by the Environment Act 2021 and its associated regulations.
- **Reporting Requirements:** They are obligated to report progress and meet specified targets, including the requirement that residual waste per capita in England not exceed 287 kilograms by 2042.

**Legal Remedies for Residents:**
1. **Information Rights:** Residents can request detailed information from the local authority regarding their compliance measures under the Freedom of Information Act 2000.
2. **Complaint Mechanisms:** The Information Commissioner's Office (ICO) can be contacted if the council fails to respond or provide necessary information.
3. **Legal Action:** residents may pursue judicial review or seek an injunction if the council's inaction endangers public health or the environment.

**Enforcement Powers:**
The Environment Act 2021 likely includes enforcement provisions allowing residents and organizations to take action against non-compliance, ensuring accountability and prompting necessary measures from local authorities.","['', ' Environment Act 2021, Section 57 (inserting Section 45AZB into the Environmental Protection Act 1990)\r\n', ' Environmental Protection Act 1990, Section 45AZB (as inserted by the Environment Act 2021)']",1,True,"EXPLANATORY NOTE
(This note is not part of the Regulations)
These Regulations, which apply to England, set a long-term target in relation to the reduction of residual waste, which is within the priority area of resource efficiency and waste reduction under section 1 of the Environment Act 2021 (c.30). The Regulations specify the standard to be achieved in respect of the target and the date by which it must be achieved.
Regulation 2 makes provision in respect of a long-term target to ensure that the total mass of residual waste per head of population in England does not exceed 287 kilograms by 31st December 2042. Regulation 3 makes provision in relation to how the target is to be measured. Regulation 4 provides that the reporting date for the target is 31st January 2044. Regulation 5 makes provision for, amongst other things, a definition of “excluded waste”. Schedule 1 makes further provision in relation to the definition of “excluded waste”.
A full impact assessment of the effect that this instrument will have on the costs of business, the voluntary sector and the public sector is available from the Department for Environment, Food and Rural Affairs, 2 Marsham Street, London SW1P 4DF, and is published with an Explanatory Memorandum alongside these Regulations on www.legislation.gov.uk.","{'category': 'Exclusively or primarily applies to UK', 'country': 'UnitedKingdom', 'file': 'The Environmental Targets (Residual Waste) (England) Regulations 2022.txt', 'legislation': 'UK Draft Statutory Instruments', 'url': 'https://www.legislation.gov.uk/ukdsi/2022/9780348242973/note', 'year': '2022'}"
Wales,"An employee lives in Wales but works in England. They are planning to take Shared Parental Leave (SPL) following the birth of their child. They are unsure how the differences between Welsh and English regulations might affect their entitlement and whether their residence in Wales impacts their rights. Under the Shared Parental Leave Regulations 2014, what are their rights, and does their place of residence affect their entitlement? ","Under the Shared Parental Leave Regulations 2014, which are authorized by the Employment Rights Act 1996, an employee's entitlement to Shared Parental Leave (SPL) is determined by their employment status and specific eligibility criteria, irrespective of their place of residence. The regulations apply uniformly across England and Wales. To qualify for SPL, the employee must have been continuously employed by the same employer for at least 26 weeks by the end of the 15th week before the expected week of childbirth and remain employed at the start of each period of SPL taken. Additionally, their partner must have worked (employed or self-employed) for at least 26 of the 66 weeks before the expected week of childbirth and have earned an average of at least £30 per week in 13 of those weeks. These criteria are outlined in the Shared Parental Leave Regulations 2014, specifically in Part 2, Chapter 1, Regulation 6. Therefore, an employee residing in Wales and working in England is entitled to SPL, provided they meet these eligibility requirements, with their place of residence having no impact on their entitlement.","

The employee, who resides in Wales and works in England, is eligible for Shared Parental Leave (SPL) under the 2014 regulations as amended. Their place of residence in Wales does not directly affect their SPL entitlement, which primarily hinges on their employment relationship in England and their earnings. However, living in Wales may offer additional local support or benefits specific to Welsh policies. It's advisable for them to consult both their employer and Welsh authorities to explore any devolved policies that might augment their entitlements.","['', ' Employment Rights Act 1996:\r\n', ' Shared Parental Leave Regulations 2014']",1,True,"Amendment of the Shared Parental Leave and Paternity and Adoption Leave (Adoptions from Overseas) Regulations 2014
8.  In the Shared Parental Leave and Paternity and Adoption Leave (Adoptions from Overseas) Regulations 2014(1), after regulation 20 insert—
“Modifications to the Shared Parental Leave Regulations 2014 for the purposes of adoptions from overseas
20A.  In regulation 39 (redundancy: shared parental leave), for paragraph (1B) substitute—
“(1B) The relevant day referred to in paragraph (1A)(c) is the day after a period of 18 months beginning with the day on which the child enters Great Britain.””.
(1)
S.I. 2014/3092, to which there are amendments not relevant to these Regulations.","{'category': 'May contain legislation that applies to Wales', 'country': 'Wales', 'file': 'The Maternity Leave, Adoption Leave and Shared Parental Leave (Amendment) Regulations 2024.txt', 'legislation': 'UK Statutory Instruments', 'url': 'https://www.legislation.gov.uk/uksi/2024/264/regulation/8/made', 'year': '2024'}"
Wales,"A tenant in Wales is experiencing severe damp and mold in their rented property, which the landlord has failed to address despite repeated requests. Under the Renting Homes (Wales) Act 2016, what are the landlord's obligations regarding repairs and safety, and what actions can the tenant take to enforce these obligations?","Under the Renting Homes (Wales) Act 2016, landlords are obligated to maintain rental properties in a condition fit for human habitation. Specifically, Section 91 mandates that landlords must ensure the dwelling is fit for human habitation both at the start and throughout the duration of the tenancy. Section 92 requires landlords to keep in repair the structure and exterior of the dwelling, including drains, gutters, and external pipes, and to maintain installations for the supply of water, gas, electricity, sanitation, space heating, and heating water. If a landlord fails to address severe damp and mold despite repeated requests, the tenant should notify the landlord in writing, keeping records of all communications. If the landlord remains unresponsive, the tenant can contact the local authority's Environmental Health department, which can inspect the property and issue improvement notices. Additionally, the tenant may apply to the court for an order requiring the landlord to carry out repairs. It's advisable to seek legal advice before considering actions like withholding rent or arranging for repairs independently, as these carry legal risks.","

Under the Renting Homes (Wales) Act 2016, tenants in Wales have specific obligations and rights regarding repairs and safety in their rented properties. Here's a breakdown of the situation and potential actions:

1. **Tenant's Obligation**: The tenant must notify the landlord promptly about any issues such as severe damp or mold they believe are the landlord’s responsibility. This is done by reporting the issue ""as soon as reasonably practicable.""

2. **Landlord's Failure**: If the landlord fails to address these issues despite repeated requests, particularly if the problem arises from their lack of care (defined in Section 96(3) of the Act), the tenant can hold the landlord accountable.

3. **Available Actions for Tenants**:
   - **Contact Renting Homes Wales**: The tenant can report the issue through this organization, which may intervene to ensure the landlord addresses the problem.
   - **Seek Legal Advice**: Consulting a lawyer can provide guidance on the tenant's rights and the best course of action, especially if the landlord's neglect is contributing to health hazards.

4. **Importance of Regulation 14**: Enforced since December 2022, this regulation ensures that tenants aren't left without recourse when landlords fail in their duties, particularly those related to maintenance and safety.

In summary, tenants have a right to live in habitable conditions and can take proactive steps to address issues through official channels or legal means if necessary.","['', "" Renting Homes (Wales) Act 2016, Section 91: Landlord's obligation: fitness for human habitation\r\n"", "" Renting Homes (Wales) Act 2016, Section 92: Landlord's obligation to keep dwelling in repair""]",1,True,"Repairs
14.—(1) The contract-holder must notify the landlord as soon as reasonably practicable of any fault, defect, damage or disrepair which the contract-holder reasonably believes is the landlord’s responsibility.
(2) Where the contract-holder reasonably believes that any fault, defect, damage or disrepair to the fixtures and fittings or items listed in any inventory is not the landlord’s responsibility, the contract-holder must, within a reasonable period of time, carry out repairs to such fixtures and fittings or other items listed in any inventory, or replace them.
(3) The circumstances in which paragraph (2) applies include where the fault, defect, damage or disrepair has occurred wholly or mainly because of an act or omission amounting to a lack of care(1) by the contract-holder, any permitted occupier or any person visiting the dwelling.
Commencement Information
I1
Reg. 14 in force at 1.12.2022, see reg. 1 (as amended by The Renting Homes (Wales) Act 2016 (Commencement No. 2 and Consequential Amendments) Order 2022 (S.I. 2022/906), art. 5)
(1)
Section 96(3) of the Act defines “lack of care”.","{'category': 'Exclusively or primarily applies to Wales', 'country': 'Wales', 'file': 'The Renting Homes (Supplementary Provisions) (Wales) Regulations 2022.txt', 'legislation': 'Wales Statutory Instruments', 'url': 'https://www.legislation.gov.uk/wsi/2022/23/regulation/14', 'year': '2022'}"
Wales,"A retailer in Wales is found selling alcohol below the minimum unit price set by the Public Health (Minimum Price for Alcohol) (Wales) Act 2018. They argue that discounts and promotions allow them to reduce prices. What does the Act stipulate regarding minimum alcohol pricing, and what penalties could the retailer face for non-compliance?","Under the Public Health (Minimum Price for Alcohol) (Wales) Act 2018, it is an offence for alcohol retailers in Wales to sell alcohol below the applicable minimum price, regardless of discounts or promotions. The Act defines the minimum price using the formula M × S × V, where M is the minimum unit price (set at 50p), S is the percentage strength of the alcohol, and V is the volume in litres. Non-compliance can result in enforcement actions by local authorities, including the issuance of fixed penalty notices of £200 for each offence. Therefore, retailers must adhere to the minimum pricing regulations, as discounts and promotions do not permit selling alcohol below the established minimum price.","

Under the **Public Health (Minimum Price for Alcohol) (Wales) Act 2018**, it is illegal to sell alcohol below the minimum unit price set by the Welsh Government. The Act aims to prevent the sale of alcohol at prices that may encourage excessive consumption, thereby contributing to public health concerns.

The penalties for non-compliance typically include:

1. **Fines**: Retailers who sell alcohol below the minimum price may face significant fines upon conviction.
2. **Legal Action**: Authorities can take action against businesses violating the Act, potentially leading to legal proceedings and penalties.
3. **Business Closure**: In severe cases, a retailer's business license may be suspended or revoked.

Specific penalties or enforcement actions would depend on the circumstances of the violation and the regulatory body's policies. It is advisable for the retailer to consult the specific regulations outlined in the Act or seek legal advice for detailed guidance.","['', ' Public Health (Minimum Price for Alcohol) (Wales) Act 2018']",1,True,"This Statutory Instrument corrects an error made by S.I. 2021/1342 (W. 346) and is being issued free of charge to all known recipients of that Statutory Instrument.
WELSH STATUTORY INSTRUMENTS
2021 No. 1354 (W. 352)
PUBLIC HEALTH, WALES
The Health Protection (Coronavirus, International Travel) (Wales) (Amendment) (No. 16) Regulations 2021 (revoked)F1
Made
at 4.50 p.m. on 1 December 2021
Coming into force
at 8.00 p.m. on 1 December 2021
Laid before Senedd Cymru
2 December 2021
F1. . . . . . . . . . . . . . . . . . . . . . . . . . . . . . . .
Textual Amendments
F1
Regulations revoked (18.3.2022 at 4.00 a.m.) by The Health Protection (Coronavirus, International Travel, Operator Liability and Public Health Information to Travellers etc.) (Wales) (Revocation) Regulations 2022 (S.I. 2022/315), reg. 1(2), Sch. para. 55","{'category': 'May contain legislation that applies to Wales', 'country': 'Wales', 'file': 'The Health Protection (Coronavirus, International Travel) (Wales) (Amendment) (No. 16) Regulations 2021 (revoked).txt', 'legislation': 'UK Statutory Instruments', 'url': 'https://www.legislation.gov.uk/wsi/2021/1354/introduction', 'year': '2021'}"
Wales,"A homeowner in Wales wants to build a large extension to their property without applying for planning permission, arguing that it's within permitted development rights. Under the Town and Country Planning (General Permitted Development) (Wales) Order 1995 and recent amendments, what are the rules regarding extensions, and when is planning permission required?","Under the Town and Country Planning (General Permitted Development) (Wales) Order 1995, as amended, specific conditions allow certain extensions to be built without a formal planning application, known as permitted development rights. Below are the key provisions relevant to the homeowner’s question:\nRelevant Provisions for Extensions:\nVolume Limitations:\n                        * Terraced Houses or Properties on Article 1(5) Land: The cumulative volume of the extension must not exceed the volume of the original dwellinghouse by more than 50 cubic meters or 10% (whichever is greater).\n                        * Other Houses: The cumulative volume must not exceed 70 cubic meters or 15% (whichever is greater).\n                        * Absolute Limit: In all cases, the increase must not exceed 115 cubic meters.\nHeight Restrictions:\n                        * The height of the extension must not exceed the highest part of the existing roof.\n                        * For properties with a flat roof, the extension must not be taller than the height of the original dwellinghouse.\nProximity to Boundaries:\n                        * No part of the extension should be nearer to any highway than the nearest part of the original dwellinghouse unless the extension is at least 20 meters from the highway.\nDesignated Areas:\n                        * Properties in designated areas such as conservation areas, National Parks, or Areas of Outstanding Natural Beauty have more restricted permitted development rights, potentially requiring formal planning permission even for smaller extensions.\nImportant Considerations:\n                        * Amendments: The Town and Country Planning (General Permitted Development) (Amendment) (Wales) Orders 2014 and 2019 introduce specific changes and clarifications but do not fundamentally alter the provisions related to standard extensions under Schedule 2, Part 1. The 2014 amendment refines some criteria for residential projects, while the 2019 amendment includes updates relevant to designated areas and certain types of land use.\n                        * Verification with Authorities: Due to potential nuances or recent legislative changes that could affect individual cases, consulting the local planning authority or a professional planner is crucial to confirm compliance with current regulations.","

In Wales, the homeowner may be able to build a large extension without applying for planning permission under certain conditions. Here’s the breakdown:

1. **Permitted Development Rights**: The Town and Country Planning (General Permitted Development) Order 1995 grants permitted development rights for specific uses and classes, such as changing a building's use to Class C2 (Residential institutions) or D1 (Non-residential institutions).

2. **Recent Amendments**: The 2020 amendment added provisions for temporary buildings during public health emergencies, expanding the scope of permitted development for certain uses.

3. **Change of Use**: If the extension falls under permitted development use classes (C2 or D1), planning permission may not be required. However, this doesn't account for the physical size of the extension.

4. **Large Extensions**: While the legislation doesn’t specify size limits, local authorities often consider large extensions as major developments that could impact neighborhood character and require planning permission.

5. **Additional Considerations**: Even if permitted, other factors like materials, design, and environmental impact might necessitate pre-approval or meeting specific requirements before construction begins.

In conclusion, while the change of use may be permissible under current regulations, the physical size and broader context often dictate whether planning permission is needed. It’s advisable to consult with local authorities for a comprehensive assessment.","['', ' The Town and Country Planning (General Permitted Development) Order 1995, Schedule 2, Part 1\r\n', ' The Town and Country Planning (General Permitted Development) (Amendment) (Wales) Order 2014\r\n', ' The Town and Country Planning (General Permitted Development) (Amendment) (Wales) Order 2019']",1,True,"EXPLANATORY NOTE
(This note is not part of the Order)
This Order amends the Town and Country Planning (General Permitted Development) Order 1995 (“the GPDO”).
Article 3 of, and Schedule 2 to, the GPDO confer permitted development rights in respect of certain development. Where such rights are conferred, an application for planning permission is not required.
Article 2 of this Order amends Schedule 2 to the GPDO by inserting a new Part 3A (Temporary Buildings and Changes of Use for Public Health Emergency Purposes) to permit certain development in Wales for the purposes of preventing, controlling or mitigating the effects of, or taking other action in connection with a public health emergency in the United Kingdom.
The development permitted is the change of use of a building or land to Class C2 (Residential institutions) or Class D1 (Non-residential institutions) of the Town and Country Planning (Use Classes) Order 1987, and the provision of buildings or other structures.
The permitted development is subject to conditions and limitations which are also set out in the new Part 3A.
The Welsh Ministers’ Code of Practice on the carrying out of Regulatory Impact Assessments was considered in relation to this Order. As a result, it was not considered necessary to carry out a regulatory impact assessment as to the likely costs and benefits of complying with this Order.","{'category': 'May contain legislation that applies to Wales', 'country': 'Wales', 'file': 'The Town and Country Planning (General Permitted Development) (Amendment) (No. 2) (Wales) Order 2020.txt', 'legislation': 'UK Statutory Instruments', 'url': 'https://www.legislation.gov.uk/wsi/2020/420/note/made', 'year': '2020'}"
Wales,"A parent in Wales is seeking additional learning support for their child, who has been diagnosed with special educational needs (SEN). How does the Additional Learning Needs and Education Tribunal (Wales) Act 2018 protect the child’s right to education, and what steps should the parent take to ensure their child receives the necessary support?","The Additional Learning Needs and Education Tribunal (Wales) Act 2018 provides a strong legal framework to protect the rights of children with special educational needs (SEN) in Wales, ensuring they receive appropriate education and support. Here's how the Act safeguards these rights and the steps parents should take:\nHow the Act Protects the Child’s Right to Education\n                           * Definition of Additional Learning Needs (ALN) (Section 2): The Act defines ALN as a learning difficulty or disability that requires additional learning provision. This ensures children who face significantly greater learning challenges than their peers or have disabilities affecting their use of educational facilities are identified and supported.\n                           * Individual Development Plans (IDPs) (Section 10): The Act mandates the creation of IDPs for children with ALN. These comprehensive, tailored plans detail the specific support required and are maintained by local authorities or educational institutions, guaranteeing that each child's unique needs are met.\n                           * Duties of Local Authorities and Schools (Sections 11 and 14): Local authorities and the governing bodies of maintained schools have a duty to identify children with ALN and make appropriate provisions. They must review these provisions regularly to ensure their effectiveness and adapt them as needed.\n                           * Participation and Rights (Section 6): The Act emphasizes involving children and their parents in the decision-making process regarding ALN support. Authorities must also consider the United Nations Convention on the Rights of the Child and the Convention on the Rights of Persons with Disabilities, reinforcing a rights-based approach.\n                           * Access to Information and Advice (Section 9): The Act requires local authorities to provide parents with information and advice on ALN and the available support, empowering them to make informed decisions.\n                           * Dispute Resolution and Appeals (Sections 68 and 70): The Act establishes clear mechanisms for resolving disagreements. If parents are unsatisfied with the IDP or support provided, they can use local dispute resolution services. Additionally, they have the right to appeal decisions to the Education Tribunal for Wales.\nSteps Parents Should Take to Ensure Their Child Receives Support\n                           * Request an Assessment: Parents can request that the local authority assess their child for ALN. Although the Act does not explicitly state this in Section 11, it mandates that authorities and schools must decide if a child has ALN when concerns are raised.\n                           * Engage in the IDP Process: Actively participate in the development and review of the IDP. Ensure the IDP reflects the child's current needs and advocate for revisions as needed.\n                           * Utilize Available Resources: Make use of the information and advice provided by local authorities as mandated in Section 9. This will help parents understand their rights and the provisions their child is entitled to.\n                           * Address Disagreements: If there are concerns about the IDP or the support provided, use the dispute resolution mechanisms outlined in Section 68. For unresolved issues, parents can appeal to the Education Tribunal for Wales as outlined in Section 70.\n                           * Regularly Review the IDP: Ensure that the IDP is reviewed regularly, as mandated by the Act, to keep it aligned with the child’s evolving educational needs.\nThis framework ensures that children with SEN in Wales receive the educational support they require, and parents are empowered to advocate effectively for their child’s rights.","

The Additional Learning Needs and Education Tribunal (Wales) Act 2018 establishes a legal framework in Wales aimed at enhancing the educational experiences of children with Special Educational Needs (SEN). Here’s how it protects these children and what steps a parent can take:

1. **Statutory Framework for Support**: The Act replaces previous laws, creating a structured system to better support students with SEN within Wales.

2. **Provisions Coming into Force**: Starting September 1, 2022, specific provisions apply to children aged school age and below with identified SEN attending independent schools or being home-educated.

3. **Assessments and Support Plans**: The framework likely includes assessments to identify individual needs and tailored support plans ensuring each child receives necessary assistance.

**Steps for Parents:**

1. **Understand Needs**: Begin by understanding your child's specific SEN requirements.

2. **Request an Assessment**: Contact the local authority or school to arrange for an assessment of your child's SEN, which will guide the necessary support actions.

3. **Engage in the Process**: Participate actively in assessments and any subsequent plans to ensure your child’s needs are comprehensively addressed.

4. **Seek External Support if Needed**: If the local support isn't sufficient, consider seeking help from organizations specializing in SEN issues.

In summary, the Act provides a legal foundation for SEN support in Wales, and parents have proactive steps they can take to secure the necessary educational assistance for their children.","['', ' Additional Learning Needs and Education Tribunal (Wales) Act 2018, Section 2: Definition of Additional Learning Needs (ALN)\r\n', ' Additional Learning Needs and Education Tribunal (Wales) Act 2018, Section 6: Participation and Rights\r\n', ' Additional Learning Needs and Education Tribunal (Wales) Act 2018, Section 9: Access to Information and Advice\r\n', ' Additional Learning Needs and Education Tribunal (Wales) Act 2018, Section 10: Individual Development Plans (IDPs)\r\n', ' Additional Learning Needs and Education Tribunal (Wales) Act 2018, Section 11: Duties to Decide: Maintained Schools and Further Education Institutions\r\n', ' Additional Learning Needs and Education Tribunal (Wales) Act 2018, Section 14: Duties of Local Authorities and Schools\r\n', ' Additional Learning Needs and Education Tribunal (Wales) Act 2018, Section 68: Dispute Resolution Mechanisms\r\n', ' Additional Learning Needs and Education Tribunal (Wales) Act 2018, Section 70: Appeals to the Education Tribunal for Wales']",1,True,"EXPLANATORY NOTE
(This note is not part of the Order)
This Order brings into force provisions of the Additional Learning Needs and Education Tribunal (Wales) Act 2018 (“the Act”).
The Act establishes a statutory framework for supporting children and young people with additional learning needs. This replaces the legislation surrounding special educational needs and the assessment of children and young people with learning difficulties.
The provisions listed in article 3 come into force on 1 September 2022 in relation to those who are of compulsory school age and below, who have certain identified special educational needs (but not a statement) and who are educated at an independent school or are home educated (article 2).","{'category': 'Exclusively or primarily applies to Wales', 'country': 'Wales', 'file': 'The Additional Learning Needs and Education Tribunal (Wales) Act 2018 (Commencement No. 11) Order 2022.txt', 'legislation': 'Wales Statutory Instruments', 'url': 'https://www.legislation.gov.uk/wsi/2022/894/note', 'year': '2022'}"
Scotland,"An employee in Scotland has recently lost a child and is unsure of their entitlement to bereavement leave. Under the Parental Bereavement (Leave and Pay) Act 2018, what are their rights, and what obligations does the employer have?","Under the Parental Bereavement (Leave and Pay) Act 2018, incorporated into the Employment Rights Act 1996 and the Social Security Contributions and Benefits Act 1992, employees in Scotland who have lost a child are entitled to specific rights, and employers have corresponding obligations. Section 80EA of the Employment Rights Act 1996 (as amended) grants eligible employees the right to take at least two weeks of parental bereavement leave. This leave must be taken within 56 days from the date of the child’s death and applies to the death of a child under 18. Section 80EE extends these rights to cases involving stillbirths after 24 weeks of pregnancy. Employers are obligated to provide this leave, ensuring that eligible employees can take time off without facing any detriment or dismissal related to their leave request. For statutory parental bereavement pay, Section 171ZZ6 of the Social Security Contributions and Benefits Act 1992 (as amended) outlines the entitlement, specifying that the employee must meet certain conditions such as a continuous employment period of at least 26 weeks ending with the ""relevant week"" (the week immediately before the child’s death) and minimum earnings meeting the lower earnings limit. Section 171ZZ7 adds that employees must give notice to their employer about the weeks for which they seek parental bereavement pay, and employers may require this notice in writing. Regulations under this section may also stipulate further requirements, such as providing evidence of entitlement or conditions for determining continuous employment. In addition to these primary sections, reviewing supporting regulations linked to the Parental Bereavement (Leave and Pay) Act 2018 and related guidance is essential for comprehensive compliance. Regulations detail how leave is to be taken, how statutory pay is processed, and additional procedural requirements for both employees and employers.","

Under the **Parental Bereavement (Leave and Pay) Act 2018**, employees in Scotland have specific entitlements when they experience the loss of a child. Here are your rights as an employee:

### Entitlements:
1. **Eligibility for Leave:**
   - You may be entitled to **parental bereavement leave** if you have worked continuously for your employer for at least one year before the child's death.
   - The leave is capped at **10 days** (five working days) in most cases.

2. **Notice Period:**
   - Your employer must be notified of your intention to take this leave within a reasonable timeframe after the child's death.

3. **Payment:**
   - Employers must pay you for the leave period, typically at your usual pay rate.
   - If you are unable to work due to the bereavement, you may also receive **statutory sick pay** during the leave period.

### Obligations of Your Employer:
1. **Compliance with Law:**
   - Your employer must adhere to the provisions of the Parental Bereavement (Leave and Pay) Act 2018 and any subsequent regulations.
   - They must not discriminate against you in any way related to your bereavement or your decision to take leave.

2. **Reasonable Adjustments:**
   - Employers are required to make reasonable adjustments to help you manage work-related responsibilities during this difficult time, such as flexible working arrangements or adjusted hours.

3. **Prompt Payment:**
   - Your employer must pay you the entitled amount promptly, typically within 28 days of your leave application (or sooner if possible).

### Key Considerations:
- If you’ve worked for your employer for less than a year at the time of the child’s death, check if there are any specific provisions in the regulations that may still entitle you to some form of leave or pay.
- Be sure to discuss your situation with your employer and seek advice from relevant authorities or trade unions if needed.

This framework is designed to support employees during a highly sensitive time, ensuring both legal protections and practical supports for workers.","['', ' 1. Employment Rights Act 1996 (as amended by the Parental Bereavement (Leave and Pay) Act 2018)\r\n', ' 2. Social Security Contributions and Benefits Act 1992 (as amended by the Parental Bereavement (Leave and Pay) Act 2018)']",1,True,"Entitlement to parental bereavement leave
4.—(1) An employee is entitled to be absent from work to take parental bereavement leave if he or she—
(a)
satisfies one of the conditions specified in paragraph (2), and
(b)
complies with the notice requirements in regulation 6.
(2) The conditions referred to in paragraph (1) are that, at the date of C’s death, the employee is—
(a)
C’s parent;
(b)
C’s natural parent and named in an order made pursuant to section 51A(2)(a) of the Adoption and Children Act 2002(1) or section 11(3)(aa) of the Children (Scotland) Act 1995(2), provided that such an order has not subsequently been revoked or discharged;
(c)
a person with whom C has been placed for adoption, for so long as that placement has not been disrupted, as mentioned in paragraph (3);
(d)
an adopter—
(i)
with whom C was living, following C’s entry into Great Britain from outside the United Kingdom in connection with or for the purposes of adoption which does not involve the placement of C for adoption under the law of any part of the United Kingdom, and
(ii)
who has received official notification in respect of C;
(e)
an intended parent of C;
(f)
C’s parent in fact; or
(g)
the partner of P.
(3) For the purposes of paragraph (2)(c), a placement has been disrupted—
(a)
when C has been returned under sections 31 to 35 of the Adoption and Children Act 2002(3),
(b)
in Scotland, when C has been returned to the adoption agency, adoption society or nominated person in accordance with section 25(6) of the Adoption and Children (Scotland) Act 2007, or
(c)
when C’s placement—
(i)
with a local authority foster parent who is also a prospective adopter in accordance with section 22C of the Children Act 1989 following consideration in accordance with subsection (9B)(c) of that section, or
(ii)
with a prospective adopter in accordance with section 81 of the Social Services and Well-being (Wales) Act 2014,
has been terminated.
(4) Subject to paragraph (6), a person is C’s parent in fact if that person, for a continuous period of at least four weeks ending with the day on which C dies—
(a)
lived with C in the person’s own home, and
(b)
had day to day responsibility for C’s care.
(5) For the purposes of the continuous period mentioned in paragraph (4), no account is to be taken of any absences of a temporary or intermittent nature.
(6) A person is not to be regarded as C’s parent in fact if—
(a)
C is in the care of that person in premises in which any parent of C’s, or any person who is not a parent of C’s but who has responsibility for C, is living, or
(b)
that person was or is entitled to receive remuneration, whether by way of wages or otherwise, in respect of the care of C.
(7) A person has responsibility for C, for the purposes of paragraph (6)(a), if the person—
(a)
has parental responsibility, within the meaning of section 3 of the Children Act 1989, or
(b)
in Scotland, has parental responsibilities or parental rights, within the meaning of sections 1 and 2 of the Children (Scotland) Act 1995(4).
(8) For the purposes of paragraph (6)(b), the following payments are not to be regarded as remuneration—
(a)
any fee or allowance paid by a local authority to a foster parent;
(b)
payments wholly or mainly intended to reimburse the person for expenses which arise from, or are expected to arise from, the person’s care of C;
(c)
amounts received pursuant to the terms of a will, trust or similar instrument which makes provision in respect of C’s care.
(9) In this regulation—
(a)
“P” means any person who satisfies one of the conditions in paragraph (2)(a) to (f);
(b)
“partner” means a person (whether of a different sex or the same sex) who lives with C and P in an enduring family relationship but is not a relative of P of a kind specified in sub-paragraph (c);
(c)
the relatives of P referred to in sub-paragraph (b) are P’s parent, grandparent, sister, brother, aunt or uncle;
(d)
references to relationships in sub-paragraph (c)—
(i)
are to relationships of the full blood or half blood or, in the case of an adopted person, such of those relationships as would exist but for the adoption, and
(ii)
include the relationship of a child with his adoptive, or former adoptive, parents,
but do not include any other adoptive relationships.
(10) Where an employee is eligible to take parental bereavement leave under this regulation as a result of the death of more than one child, the employee is entitled to parental bereavement leave in respect of each child.
(1)
Section 51A was inserted by the Children and Families Act 2014, section 9.
(2)
Section 11(3)(aa) was inserted by the Adoption and Children (Scotland) Act 2007, section 107.
(3)
Sections 32, 34 and 35 were amended by the Children and Families Act 2014, Schedule 2, Part 2, paragraphs 63 and 64 and by S.I. 2016/413.
(4)
1995 c. 36; sections 1 and 2 were amended by the Human Fertilisation and Embryology Act 2008, Schedule 6, Part 2, paragraphs 48 and 49.","{'category': 'May contain legislation that applies to Scotland', 'country': 'Scotland', 'file': 'The Parental Bereavement Leave Regulations 2020.txt', 'legislation': 'UK Statutory Instruments', 'url': 'https://www.legislation.gov.uk/uksi/2020/249/regulation/4/made', 'year': '2020'}"
Scotland,"A tenant in Scotland has reported significant dampness and mold in their rented flat to the landlord, who has not taken any action. Under the Housing (Scotland) Act 2006, what are the landlord's obligations, and what steps can the tenant take to enforce these obligations?","Under the Housing (Scotland) Act 2006, landlords are required to ensure that their rental properties meet the Repairing Standard, as defined in Section 13 of the Act. This includes ensuring that the property is wind and watertight, reasonably fit for human habitation, and that the structure and exterior are in a reasonable state of repair. Additionally, installations for the supply of water, gas, electricity, sanitation, heating, and hot water must be kept in proper working order. Significant dampness and mold indicate a failure to meet this standard. Under Section 14, landlords have a duty to ensure that the house meets the repairing standard at the start of the tenancy and throughout its duration. This duty requires landlords to complete any necessary repairs within a reasonable time after being notified by the tenant or otherwise becoming aware of the need for repairs. Failure to act within a reasonable timeframe constitutes a breach of this duty. If the landlord does not take action, the tenant can apply to the First-tier Tribunal under Section 22 of the Act. This section allows tenants to seek a decision from the Tribunal if the property does not meet the Repairing Standard. The Tribunal can investigate and issue a Repairing Standard Enforcement Order (RSEO) under Section 24, compelling the landlord to carry out the required repairs within a specified timeframe. If the landlord fails to comply with the RSEO, under Section 26, the Tribunal must notify the local authority and may consider imposing a rent relief order to reduce the tenant’s rent. The Tribunal may excuse non-compliance if the landlord demonstrates an inability to comply due to a lack of necessary rights (e.g., access) or if the required work poses a danger to any person. In such cases, the Tribunal must notify the local authority of its findings. The Housing (Scotland) Act 2006 provides tenants with clear mechanisms to address substandard housing conditions and enforce their rights against landlords who fail to fulfill their obligations. These regulations govern the procedures of the First-tier Tribunal for Scotland Housing and Property Chamber, which is responsible for handling cases brought under the Housing (Scotland) Act 2006, including applications related to the Repairing Standard. The regulations ensure that disputes between tenants and landlords are resolved fairly and efficiently. They outline the rules for submitting applications, conducting hearings, issuing decisions, and enforcing orders such as Repairing Standard Enforcement Orders (RSEOs). This procedural framework directly supports tenants in seeking remedies for landlords' failures to meet their legal obligations under the Act.","

Under the Housing (Scotland) Act 2006, Scottish landlords have a legal obligation to address health and safety issues such as dampness and mold in their rental properties. Here's a structured overview of their responsibilities and the tenant's recourse:

1. **Landlord's Obligations:**
   - **Investigation and Assessment:** The landlord must investigate the reported issue, assess its severity, and take action to remedy it if necessary.
   - **Timeframe for Response:** There is typically a requirement for the landlord to respond within a set period (e.g., a few days or weeks) to address the problem.

2. **Tenant's Options:**
   - **Escalation of Issue:** If the landlord fails to act promptly, tenants can report the matter to local housing authorities or relevant government agencies.
   - **Court Action:** The tenant may seek enforcement through the court system if the landlord neglects their responsibilities.

3. **Specific Legal Provisions:**
   - **Section 3 (Housing Management and Maintenance):** This section likely covers obligations related to property maintenance.
   - **Section 4 (Anti-Social Behavior):** May include provisions about ensuring health standards in rental properties.

4. **Tenant Actions:**
   - **Request for Repairs:** Tenants can formally request repairs or improvements, and the landlord must respond within the specified timeframe.
   - **Record-Keeping:** It's crucial for tenants to maintain records of all communications with their landlord to support any enforcement actions.

In summary, the landlord is bound by the Housing (Scotland) Act 2006 to address health issues in their properties. Tenants can enforce these obligations through appropriate channels if the landlord fails to act, ensuring that such conditions are remedied for the tenant's well-being.","['', ' Housing (Scotland) Act 2006, Section 13: The Repairing Standard\r\n', "" Housing (Scotland) Act 2006, Section 14: Landlord's Duty to Repair and Maintain\r\n"", ' Housing (Scotland) Act 2006, Section 22: Application to the First', 'tier Tribunal\r\n', ' Housing (Scotland) Act 2006, Section 24: Repairing Standard Enforcement Order (RSEO)\r\n', ' Housing (Scotland) Act 2006, Section 26: Effect of Failure to Comply with Repairing Standard Enforcement Order\r\n', ' Tribunals (Scotland) Act 2014\r\n', ' First', 'tier Tribunal for Scotland Housing and Property Chamber (Procedure) Regulations 2017 https://www.legislation.gov.Unitedkingdom/ssi/2017/328/contents/made']",1,True,"Safeguards for landlords: substantial rent arrears and financial hardship
6
. . . . . . . . . . . . . . . . . . . . . . . . . . . . . . . .
Textual Amendments
F1
Sch. 2 expires (1.4.2024) by Cost of Living (Tenant Protection) (Scotland) Act 2022 (asp 10), s. 7(1) (as amended by S.S.I. 2023/275, regs. 1(2), 2(2)) (with savings in S.S.I. 2024/19, regs. 1(1), 3, 4)","{'category': 'Exclusively or primarily applies to Scotland', 'country': 'Scotland', 'file': 'Cost of Living (Tenant Protection) (Scotland) Act 2022.txt', 'legislation': 'Acts of the Scottish Parliament', 'url': 'https://www.legislation.gov.uk/asp/2022/10/schedule/2/paragraph/6', 'year': '2022'}"
Scotland,"An individual in Scotland is experiencing domestic abuse from their partner with whom they share a tenancy. They wish to remove the abuser from the home but are unsure of their rights. Under the Domestic Abuse (Protection) (Scotland) Act 2021, what legal protections are available, and what steps should they take?","Individuals experiencing domestic abuse in Scotland can seek protection through several legal mechanisms. Under the Protection from Harassment Act 1997, they can apply for a Non-Harassment Order, which prohibits the abuser from engaging in threatening or harassing behavior. Additionally, the Matrimonial Homes (Family Protection) (Scotland) Act 1981 allows for an Exclusion Order to remove the abuser from the shared home and prevent them from re-entering. This Act applies not only to married couples but also to cohabitants. The individual should contact the police to report the abuse, as domestic abuse is a criminal offense under the Domestic Abuse (Scotland) Act 2018, which recognizes controlling behavior as abuse. Seeking legal advice from a solicitor experienced in domestic abuse cases is advisable to assist with applications for protective orders, and engaging with support services such as Scottish Women's Aid can provide additional assistance and guidance.","

Under the Domestic Abuse (Protection) (Scotland) Act 2021 and the Secure Tenancies Act 2011, you have several options to address the situation:

1. **Protection Orders**: You can apply for a protection order to legally prevent your partner from contacting or harassing you. This order may also influence housing authorities.

2. **Secure Tenancies**: Report the abuse to your housing provider under the Secure Tenancies Act 2011, which allows them to terminate your tenant's lease if their behavior is deemed abusive towards you.

3. **Landlord's Duty**: Your landlord has a legal obligation to take reasonable steps against harassment, including domestic abuse, which could lead to eviction of the abuser.

4. **Legal Advice**: Consulting with a housing lawyer or organizations like Shelter Scotland can provide personalized guidance and help you navigate your options effectively.

By taking these steps, you can work towards removing the abusive partner from your tenancy while protecting yourself legally.","['', ' Protection from Harassment Act 1997\r\n', ' Matrimonial Homes (Family Protection) (Scotland) Act 1981\r\n', ' Domestic Abuse (Scotland) Act 2018']",1,True,"Domestic Abuse (Protection) (Scotland) Act 2021
2021 asp 16
The Bill for this Act of the Scottish Parliament was passed by the Parliament on 17th March 2021 and received Royal Assent on 5th May 2021
An Act of the Scottish Parliament to make provision for domestic abuse protection notices and orders for the purpose of protecting a person from abusive behaviour by the person's partner or ex-partner; and to make provision for the termination of Scottish secure tenancies in cases involving behaviour by a tenant which is abusive of the tenant's partner or ex-partner.","{'category': 'Exclusively or primarily applies to Scotland', 'country': 'Scotland', 'file': 'Domestic Abuse (Protection) (Scotland) Act 2021.txt', 'legislation': 'Acts of the Scottish Parliament', 'url': 'https://www.legislation.gov.uk/asp/2021/16/introduction', 'year': '2021'}"
Scotland,"A retailer in Scotland is considering selling alcohol below the minimum unit price due to competitive pressures. They want to know the legal implications. Under the Alcohol (Minimum Pricing) (Scotland) Act 2012, what are the retailer's obligations, and what penalties could they face for non-compliance? ","Under the Alcohol (Minimum Pricing) (Scotland) Act 2012, which amends the Licensing (Scotland) Act 2005, retailers in Scotland are required to sell alcohol at or above a minimum unit price (MPU) set by the Scottish Ministers. This rule applies to all licensed premises, including shops, bars, restaurants, and temporary events with occasional licenses. The minimum price condition is detailed in Schedule 3, Paragraph 6A for premises licenses and Schedule 4, Paragraph 5A for occasional licenses. Alcohol must be sold at a minimum price calculated by multiplying the MPU by the strength and volume of the alcohol. As amended by The Alcohol (Minimum Price per Unit) (Scotland) Order 2018, the current MPU is set at 65 pence per unit. Retailers must comply with this minimum price, and selling alcohol below this threshold constitutes a breach of licensing conditions. If a retailer fails to meet the minimum pricing requirement, Section 36 of the Licensing (Scotland) Act 2005 allows the licensing board to review the premises license and impose penalties as needed. Following a review, the board may suspend the license temporarily, revoke the license entirely, or modify the license conditions to enforce compliance. These penalties aim to uphold public health and ensure responsible alcohol sales.","

Under the Alcohol (Minimum Pricing) (Scotland) Act 2012, retailers in Scotland have specific obligations regarding alcohol pricing. Here's a summary of your responsibilities and potential penalties:

**Obligations:**
1. **Pricing Compliance:** You must ensure that the price of alcohol you sell does not fall below the minimum unit price set by the Scottish Government. This is a legal requirement to prevent undercutting and maintain market stability.

2. **License Conditions:** If you hold a premises license or an occasional license, your obligations are tied to these licenses. Selling below the minimum price could breach these conditions.

**Potential Penalties:**
- **Fines:** Civil penalties can be imposed for non-compliance with the pricing regulations.
- **Licensing Actions:** The Scottish Government may revoke or suspend your license if you consistently sell alcohol below the minimum price, impacting your ability to conduct business.

**Important Considerations:**
- The current Order continues the effect of these provisions until 30 April 2024. After that date, they may expire unless extended further.
- To avoid legal issues and ensure compliance, consulting with a legal expert is recommended.

By adhering to these rules, you maintain lawful operations and contribute to maintaining Scotland's alcohol pricing policies.","['', ' Licensing (Scotland) Act 2005, Schedule 3, Paragraph 6A ', ' Premises Licence Mandatory Conditions\r\n', ' Licensing (Scotland) Act 2005, Schedule 4, Paragraph 5A ', ' Occasional Licence Mandatory Conditions\r\n', ' The Alcohol (Minimum Price per Unit) (Scotland) Order 2018 ', ' Minimum Unit Pricing for Alcohol in Scotland\r\n', ' Licensing (Scotland) Act 2005, Section 36 ', ' Application for Review of Premises Licence:']",1,True,"EXPLANATORY NOTE
(This note is not part of the Order)
This Order is made under section 2(2) of the Alcohol (Minimum Pricing) (Scotland) Act 2012 (“the 2012 Act”). It comes into force on 30 April 2024.
Section 1 of the 2012 Act inserted provisions into schedules 3 and 4 of the Licensing (Scotland) Act 2005, introducing a further mandatory condition of premises licences and occasional licences. The condition is that alcohol must not be sold on the premises at a price below its minimum price. These provisions are the “minimum pricing provisions”.
Section 2(1) of the 2012 Act provides that the minimum pricing provisions expire 6 years after section 1 of the 2012 Act came fully into force unless an Order is made under section 2(2) of that Act to continue the effect of those provisions. Section 1 of the 2012 Act came fully into force on 1 May 2018. This Order continues the effect of the minimum pricing provisions.
A full Business and Regulatory Impact Assessment has been prepared by the Scottish Government and is published on the Scottish Government website. Copies may be obtained from the Scottish Government Directorate for Population Health, St Andrew’s House, Edinburgh EH1 3DG.","{'category': 'Exclusively or primarily applies to Scotland', 'country': 'Scotland', 'file': 'The Alcohol (Minimum Pricing) (Scotland) Act 2012 (Continuation) Order 2024.txt', 'legislation': 'Scottish Statutory Instruments', 'url': 'https://www.legislation.gov.uk/ssi/2024/127/note/made', 'year': '2024'}"
Scotland,"A parent in Scotland believes their child requires additional support in school due to a learning difficulty. Under the Education (Additional Support for Learning) (Scotland) Act 2004 (as amended), what rights does the child have, and what steps can the parent take to secure the necessary support?","Under the Education (Additional Support for Learning) (Scotland) Act 2004, as amended, children in Scotland who require additional support due to learning difficulties are legally entitled to specific rights. Education authorities have a duty to assess and provide for these needs when required. According to Section 8(1), if a parent requests an assessment to determine whether their child has additional support needs or requires a Co-ordinated Support Plan (CSP), the education authority must comply with this request unless it is deemed unreasonable. Following assessment, Section 4(1)(a) requires the education authority to make adequate and efficient provision for the identified needs, which can include specialized resources or tailored teaching approaches. If a child’s support needs involve multiple agencies, such as social work or healthcare in addition to education, Section 9(1) ensures they are entitled to a CSP, a document outlining coordinated support across agencies. Parents also have the right, under Section 12(2), to be actively involved in developing and reviewing support plans to ensure that their child’s educational requirements are fully understood and addressed. If disagreements arise regarding the support provided or decisions made, Section 18(1) grants parents the right to appeal to the Additional Support Needs Tribunal for Scotland, which can make binding rulings on disputes related to additional support. These legislative provisions provide a strong framework for ensuring children’s educational needs are met and give parents a clear process to advocate for the support their child requires.","

**Rights of the Child:**

Under the Education (Additional Support for Learning) (Scotland) Act 2004 (as amended), children in Scotland with learning difficulties are entitled to receive appropriate support that meets their needs. This includes:

1. **Right to Support:** The child has the right to access additional support necessary to participate effectively in their education and achieve their potential.

2. **Non-Discrimination:** The support must be provided without discrimination, ensuring the child is not unfairly treated due to their learning difficulty.

3. **Tailored Assistance:** Services must be tailored to the specific needs of the child, helping them integrate smoothly into their school environment.

**Steps for the Parent:**

1. **Request an Assessment:** The parent can start by requesting an assessment from the local authority to determine what additional support the child requires. This is a key first step to securing necessary services.

2. **Local Authority Response:** The local authority must respond within 30 days of receiving the request. If they determine that support is needed, they are obligated to provide or arrange for those services.

3. **Escalation if Necessary:** If the local authority does not comply with the request, the parent can escalate the issue. This might involve contacting the Scottish Public Services Ombudsman to seek further intervention.

4. **Support Implementation:** Once support is arranged, the parent should monitor its implementation and effectiveness in helping their child.

By taking these steps, parents can ensure that their child receives the necessary support to thrive academically and socially within the school environment.",['Education (Additional Support for Learning) (Scotland) Act 2004'],1,True,"Provision of advocacy services
11.—(1) Where a child becomes the subject of a deprivation of liberty order which has effect as if it were a compulsory supervision order as provided for in regulation 3(1), the Scottish Ministers must, as soon as reasonably practicable, inform that child of the availability of children’s advocacy services.
(2) The Scottish Ministers need not comply with the requirement in paragraph (1) if, taking account of the age and maturity of the child, the Scottish Ministers consider that it would not be appropriate to do so.
(3) The Scottish Ministers may enter into arrangements (contractual or otherwise) with any person other than a local authority, CHS or SCRA for the provision of children’s advocacy services.
(4) For the purposes of this regulation, “children’s advocacy services” means services of support and representation provided for the purposes of assisting a child to convey their needs and views to the manager of the residential care setting in which they have been placed.","{'category': 'Exclusively or primarily applies to Scotland', 'country': 'Scotland', 'file': 'The Cross-border Placements (Effect of Deprivation of Liberty Orders) (Scotland) Regulations 2022\nSuperseded by 2022 No. 225.txt', 'legislation': 'Scottish Draft Statutory Instruments', 'url': 'https://www.legislation.gov.uk/sdsi/2022/9780111054482/regulation/11', 'year': '2022'}"
NothernIreland,"An individual in NothernIreland is experiencing domestic abuse and seeks protection from their abuser. Under the Domestic Abuse and Civil Proceedings Act (NothernIreland) 2021, what legal protections are available, and what steps should they take to secure those protections?","An individual in NothernIreland experiencing domestic abuse is protected under the Domestic Abuse and Civil Proceedings Act (NothernIreland) 2021. Specifically, Section 1 of the Act criminalizes a course of abusive behaviour towards a person to whom the abuser is personally connected, such as a partner, ex-partner, or family member. The individual should report the abuse to the Police Service of NothernIreland to initiate a criminal investigation under this Act. Section 2 defines ""abusive behaviour"" as behaviour that is violent or threatening, or behaviour where a reasonable person would consider the course of behaviour likely to cause one or more of the following effects on the victim (B):
                                       * Making B dependent on, or subordinate to, A (the abuser);
                                       * Isolating B from friends, relatives, or other sources of social interaction or support;
                                       * Controlling, regulating, or monitoring B's day-to-day activities;
                                       * Depriving B of, or restricting, freedom of action;
                                       * Frightening, humiliating, degrading, or punishing B.
While the Act does not provide specific protective orders, the individual may apply for a Non-Molestation Order or an Occupation Order under the Family Homes and Domestic Violence (NothernIreland) Order 1998. A Non-Molestation Order can prohibit the abuser from molesting the applicant or a relevant child, and an Occupation Order can regulate the occupation of the shared residence. Additionally, Sections 25 to 28 of the Act offer special measures in civil proceedings to support victims, such as prohibiting the abuser from cross-examining the victim in person.
To secure these protections, the individual should:
                                       1. Report the abuse to the Police Service of NothernIreland to initiate criminal proceedings under the Act.
                                       2. Seek legal advice to apply for a Non-Molestation Order or an Occupation Order through the courts.
                                       3. Utilize the special measures provided in the Act during any civil proceedings to ensure their safety and well-being.","

Under the Domestic Abuse and Civil Proceedings Act (Northern Ireland) 2021, supported by the Domestic Abuse Protection Orders (County Court: Relevant Proceedings) Regulations 2024, legal protections are available for individuals experiencing domestic abuse if they are involved in relevant family court proceedings. These include cases such as divorce, child custody, or injunctions where both the abuser and the victim are parties.

To secure these protections, the individual should:

1. **Seek Legal Advice**: Consult with a lawyer specializing in family law to understand their eligibility and the specific steps needed.
2. **Contact Support Services**: Reach out to legal aid services or domestic abuse support organizations for guidance and resources.
3. **File for a Protection Order**: If eligible, they can apply through the Family Court for a protection order, which may offer interim measures like preventing the abuser from contacting them or removing them from the household.

This process ensures that individuals can take necessary steps to protect themselves while navigating their legal options with professional assistance.","['', ' Domestic Abuse and Civil Proceedings Act (NothernIreland) 2021\r\n', ' Family Homes and Domestic Violence (NothernIreland) Order 1998']",1,True,"EXPLANATORY NOTE
(This note is not part of the Regulations)
Section 31(7) of the Domestic Abuse Act 2021 (“the Act”) provides that the county court may make a domestic abuse protection order against a person in any relevant proceedings to which that person and the person for whose protection the order would be made are parties. These Regulations specify descriptions of proceedings which are to be “relevant proceedings” for these purposes.
An impact assessment has not been published for these Regulations as no significant impact on the private, voluntary or public sector is foreseen independent of the provisions of the Act to which these Regulations relate.
An impact assessment has been published in relation to the Act and copies can be obtained from the Ministry of Justice, 102 Petty France, London, SW1H 9AJ, or from this website:https://assets.publishing.service.gov.uk/government/uploads/system/uploads/attachment_data/file/1007463/DA_Act_2021_Impact_Assessment.pdf","{'category': 'May contain legislation that applies to NothernIreland', 'country': 'NothernIreland', 'file': 'The Domestic Abuse Protection Orders (County Court: Relevant Proceedings) Regulations 2024.txt', 'legislation': 'UK Statutory Instruments', 'url': 'https://www.legislation.gov.uk/uksi/2024/253/note/made', 'year': '2024'}"
NothernIreland,"An employee in NothernIreland suspects they are being paid below the National Minimum Wage. Under the National Minimum Wage Act 1998 and the National Minimum Wage Regulations (NothernIreland) 2015, what are their rights, and what steps can they take to address the issue?","Under the National Minimum Wage Act 1998 and the National Minimum Wage Regulations (NothernIreland) 2015, an employee in NothernIreland who suspects they are being paid below the National Minimum Wage (NMW) has specific rights and actionable steps to address the issue. The Act mandates that employees must be paid at least the NMW, as set out in Section 1(1), which establishes the legal entitlement to minimum wage for all qualifying workers. Employers are legally required to keep accurate records of wage payments under Section 9 of the Act. These records should be sufficient to demonstrate that an employee is being paid at least the NMW. Therefore, the first step for the employee is to review their pay records to confirm any potential underpayment. Should there be a discrepancy, Section 10 grants the employee the right to formally request access to these records, enabling them to verify their calculations against the NMW requirement. If the employee identifies an underpayment, they should raise this issue with their employer, as it may be an oversight. If the employer fails to resolve the issue, the employee can escalate the matter to HM Revenue and Customs (HMRC), the body responsible for enforcing compliance. While Section 13 of the Act authorizes the Secretary of State to appoint officers for enforcement purposes, Section 14 provides HMRC officers with the power to issue enforcement notices if employers are found non-compliant.  While the Act provides the primary framework, the National Minimum Wage Regulations (NothernIreland) 2015 offer additional details for specific situations, such as valuing accommodation benefits or adjusting for absences, which can influence wage calculations. For most straightforward underpayment cases, the Act alone provides the necessary rights and procedures, with the Regulations supporting only in specific circumstances affecting wage calculation. In addition to these provisions, the Employment Rights (NothernIreland) Order 1996 is also relevant as it grants the employee a procedural framework for seeking redress if they are not compensated as per the NMW. Under the 1996 Order, if an employee experiences a sustained issue with underpayment, they have the right to file a claim with an Industrial Tribunal. This Order, though not specifically addressing minimum wage rates, is essential for the employee’s right to fair wages, as it permits claims for unlawful deduction of wages or breach of contract, allowing the employee to recover underpaid amounts. The 1996 Order thus complements the National Minimum Wage Act 1998 by establishing legal recourse in cases of wage disputes.","

In Northern Ireland, employees have the right to receive at least the National Minimum Wage (NMW) as prescribed by law. The relevant legislation includes the National Minimum Wage Act 1998 and the National Minimum Wage Regulations (Northern Ireland) 2015.

**Steps to address the issue:**

1. **Report the Concern:** The employee can raise their concern with their employer or HR department, informing them that they believe their pay is below the NMW.

2. **Contact HMRC:** In Northern Ireland, the employee can contact HMRC (Her Majesty's Revenue and Customs) through the Pay As You Earn (PAYE) helpline to discuss their concerns.

3. **Seek Advice from the Labour Relations Agency (LRA):** The LRA provides assistance and can help determine if the employer is complying with NMW regulations.

4. **Consult Citizens Advice:** If unsure about their rights or how to proceed, consulting a Citizens Advice organization can offer additional guidance.

5. **Escalate if Necessary:** If the employer does not address the issue, the employee may consider escalations steps such as referring the matter to the National Minimum Wage Advisory Panel or taking it to an employment tribunal if necessary.","['', ' National Minimum Wage Act 1998\r\n', ' National Minimum Wage Regulations (NothernIreland) 2015\r\n', ' The Employment Rights (NothernIreland) Order 1996']",1,True,"2.  The National Minimum Wage Regulations 2015(1) are amended in accordance with this Part.
(1)
S.I. 2015/621, to which there are amendments not relevant to these Regulations.","{'category': 'May contain legislation that applies to NothernIreland', 'country': 'NothernIreland', 'file': 'The National Minimum Wage (Amendment) (No. 2) Regulations 2020.txt', 'legislation': 'UK Statutory Instruments', 'url': 'https://www.legislation.gov.uk/uksi/2020/339/regulation/2/made', 'year': '2020'}"
NothernIreland,"An employee in NothernIreland has recently lost a child and is unsure about their entitlement to bereavement leave and pay. Under the Parental Bereavement Leave and Pay Act (NothernIreland) 2022, what are their rights, and how can they access them?","Under the Parental Bereavement Leave and Pay Act (NothernIreland) 2022, an employee in NothernIreland who has recently lost a child is entitled to bereavement leave, and if they meet certain criteria, they may also be eligible for bereavement pay. Article 112EA(1)-(3) defines a ""bereaved parent"" as an employee who meets specified relationship conditions with the deceased child, which may include a caregiving role before the child’s death. Employees who lose a child under 18, or experience a stillbirth after 24 weeks of pregnancy, are entitled to at least two weeks of bereavement leave under Article 112EA(5). This leave can be taken either as a single two-week block or in two separate one-week periods. According to Article 112EA(6), this leave must be taken within at least 56 days (eight weeks) from the date of the child’s death, providing flexibility within that period.
If an employee loses more than one child, Article 112EA(7) entitles them to bereavement leave for each child. Article 112EB outlines rights during and after bereavement leave, specifying that employees on leave retain most employment terms and conditions (excluding remuneration). According to Article 112EB(1)(a)-(c), employees are entitled to return to their original or an equivalent job after bereavement leave. Furthermore, Article 112EB(3) provides that if bereavement leave coincides with other types of parental leave (such as maternity or paternity leave), the right to return applies across the entire period of absence.
To access bereavement leave, Article 112ED(a) requires employees to notify their employer as soon as reasonably practicable, specifying the intended dates for leave. Employers are obligated to grant this leave and cannot delay or refuse it. If the employee is also eligible for statutory bereavement pay, they must provide notice and any required documentation as directed under Articles 112ED(a) and (c).","

In Northern Ireland, an employee who has recently lost a child is entitled to bereavement leave and pay under specific legislation. Here's a breakdown of their rights and how to access these benefits:

**Entitlements:**
1. **Bereavement Leave:** Employees are typically entitled to a set number of days off work following the loss of a child, usually around 10 working days.
2. **Bereavement Pay:** They may receive a statutory payment, often calculated as a percentage of their average weekly earnings.

**Eligibility Criteria:**
- The employee must inform their employer about the loss within a specified timeframe, which is usually not too long after the event occurs.

**Accessing Benefits:**
- Employees should contact their employer to initiate the process. The employer will typically require certain documents or evidence of the loss.
- For further information or assistance, employees can reach out to the Department for Business, Energy and Industrial Strategy's Labour Market Directorate in London at the provided address or via phone.

This information aims to provide clarity on the rights and steps involved, ensuring that employees in Northern Ireland receive the necessary support during a difficult time.","['', ' Parental Bereavement Leave and Pay Act (NothernIreland) 2022']",1,True,"EXPLANATORY NOTE
(This note is not part of the Regulations)
These Regulations make amendments to secondary legislation in consequence of Regulations made under the Employment Rights Act 1996 and Social Security Contributions and Benefits Act 1992, which make provision for entitlements to bereavement leave and pay for parents following the death of a child.
These Regulations are part of a package of legislative measures and the relevant impact assessment is the Parental Bereavement (Leave and Pay) Bill impact assessment which was published on 14 May 2018. A copy of that impact assessment can be obtained from the Department for Business, Energy and Industrial Strategy, Labour Market Directorate, 1 Victoria Street, London, SW1H 0ET.","{'category': 'May contain legislation that applies to NothernIreland', 'country': 'NothernIreland', 'file': 'The Parental Bereavement Leave and Pay (Consequential Amendments to Subordinate Legislation) Regulations 2020.txt', 'legislation': 'UK Statutory Instruments', 'url': 'https://www.legislation.gov.uk/uksi/2020/354/note', 'year': '2020'}"
NothernIreland,"A tenant in NothernIreland has been served an eviction notice by their landlord, giving them four weeks to vacate the property. The tenant has lived there for two years under a periodic tenancy. Under the Private Tenancies Act (NothernIreland) 2022, is the notice period valid, and what rights does the tenant have?","Under the Private Tenancies Act (NothernIreland) 2022, a landlord’s notice to quit a property must meet specific statutory notice periods based on the length of the tenancy. This Act amends the Private Tenancies (NothernIreland) Order 2006, particularly Article 14, to reflect updated notice requirements. For a tenant who has lived in the property for two years under a periodic tenancy, Section 11 of the 2022 Act amends Article 14 of the 2006 Order to specify that the landlord must provide at least 4 months’ notice before requiring the tenant to vacate. This 4-month period applies to tenancies that have existed for more than 12 months but not more than 3 years (as outlined in the new Article 14(1A)(b)). Because the landlord provided only four weeks’ notice, this does not satisfy the legal requirement, rendering the notice invalid. The tenant has the right to remain in the property until a valid notice to quit is served that meets the legally required notice period. Under Section 11 of the Private Tenancies Act (NothernIreland) 2022, which amends Article 14 of the Private Tenancies (NothernIreland) Order 2006, landlords are required to give a minimum 4-month notice for tenancies that have lasted more than 12 months but not more than 3 years. Because the tenant has lived in the property for two years, the landlord’s four-week notice does not meet this requirement and is therefore invalid. The tenant may choose to inform the landlord in writing that the notice is invalid due to the insufficient notice period, referencing Article 14(1), which states that a notice to quit is only valid if it complies with the minimum notice periods required by law. If the landlord proceeds with eviction attempts despite the invalid notice, the tenant may seek legal remedies. While specific injunctions or protections against harassment are not outlined within this tenancy legislation, the tenant may still seek legal assistance through broader NothernIreland housing or civil law protections to prevent an unlawful eviction and maintain peaceful possession of the property.","

**Answer:**

The eviction notice served by the landlord in Northern Ireland must be evaluated under the Private Tenancies (Coronavirus Modifications) Act 2020. During the declared emergency period, which initially ran until May 14, 2022, the notice period was extended from four weeks to twelve weeks. However, the legislation allows for extensions beyond this initial period through regulatory amendments.

1. **Notice Validity:**
   - If the eviction notice was served after the emergency period ended (May 14, 2022), the standard four-week period applies under normal tenancy laws.
   - If the notice was served during an extended emergency period, the tenant is entitled to a twelve-week notice period.

2. **Tenant Rights:**
   - The tenant can request a hearing from the Rent Assessment Tribunal if they contest the validity of the notice or their ability to vacate within the required timeframe.
   - It is advisable for the tenant to consult legal advice to understand their specific rights and options, especially considering potential extensions of the emergency period.

In summary, the notice's validity hinges on whether it was issued during an active emergency period. If so, the tenant has more time; otherwise, standard laws apply. Seeking legal guidance ensures the tenant's rights are fully understood.","['', ' Private Tenancies Act (NothernIreland) 2022 ', ' Section 11\r\n', ' Private Tenancies (NothernIreland) Order 2006 ', ' Article 14']",1,True,"Notice to quit: private tenancies
1—(1) During the emergency period, Article 14 of the Private Tenancies (Northern Ireland) Order 2006 (length of notice to quit) has effect in relation to a notice to quit given by a landlord as if—
(a)
in paragraph (1), for “the relevant period” there were substituted “ 12 weeks ”, and
(b)
paragraph (1A) were omitted.
(2) In subsection (1), “the emergency period” means the period—
(a)
beginning with the day after the day on which this Act receives Royal Assent, and
(b)
ending with [F14th May 2022].
(3) The Department may by regulations amend the date specified in subsection (2)(b) to another specified date.
(4) The power in subsection (3) may be exercised on more than one occasion so as to further amend the date.
(5) Any amendment of the date specified in subsection (2)(b) cannot result in the emergency period ending later than—
(a)
2 years beginning with the day after the day on which this Act receives Royal Assent, or
(b)
such shorter period as the Department may by regulations specify.
(6) Regulations under this section are subject to negative resolution.
Textual Amendments
F1
Words in s. 1(2)(b) substituted (29.9.2021) by The Private Tenancies (Coronavirus Modifications) (No.2) Regulations (Northern Ireland) 2021 (S.R. 2021/242), regs. 1, 2","{'category': 'Exclusively or primarily applies to NothernIreland', 'country': 'NothernIreland', 'file': 'Private Tenancies (Coronavirus Modifications) Act (Northern Ireland) 2020.txt', 'legislation': 'Acts of the Northern Ireland Assembly', 'url': 'https://www.legislation.gov.uk/nia/2020/2/section/1', 'year': '2020'}"
NothernIreland,"An individual in NothernIreland is being harassed and stalked by an ex-partner, causing them significant distress. Under the Stalking Act (NothernIreland) 2022, what legal protections are available to them, and what steps should they take to ensure their safety?","Under the Protection from Stalking Act (NothernIreland) 2022, individuals in NothernIreland who are being harassed and stalked by an ex-partner can rely on specific legal protections. The Act clearly defines stalking as a criminal offense in Section 1, where engaging in a course of conduct causing another person to experience fear, alarm, or substantial distress constitutes stalking. Such conduct includes following, contacting, monitoring usage of electronic communications, and other invasive behaviors. Offenders can face severe penalties, with up to 10 years imprisonment or a fine upon conviction on indictment, or up to 12 months imprisonment or a statutory maximum fine upon summary conviction. Additionally, the Act allows for Stalking Protection Orders (SPOs), detailed in Section 7, which the Chief Constable can apply for. These orders are designed to prevent further stalking activities by imposing specific prohibitions or requirements on the stalker. The eligibility for an SPO is based on evidence that the individual has engaged in stalking, poses a risk related to stalking, and that the order is necessary to protect someone from this risk. These orders can be applied against anyone residing in, or intending to visit, NothernIreland. The duration of these orders is addressed in Section 9, where an SPO can last for a minimum of two years or until further court order. The court may specify that some conditions within the SPO remain effective until further judicial review while setting others for fixed periods. This flexibility allows the protective measures to be adapted over time to match the needs of the situation. For their safety, affected individuals should report stalking incidents to the Police Service of NothernIreland (PSNI), enabling legal proceedings that could include the issuance of an SPO. Consulting legal advice and engaging with support services are also advisable steps to ensure comprehensive protection and support.","

Under the Protection from Stalking Act (Northern Ireland) 2022, individuals facing harassment or stalking by an ex-partner have several legal protections and steps they can take to secure their safety:

1. **Legal Protections**: 
   - The act specifically addresses both stalking and threatening/abusive behavior, recognizing mental distress caused by such actions.
   - It likely includes provisions for restraining or protection orders to prevent further contact from the harasser.

2. **Steps to Take**:
   - **Report the Incident**: Contact the police to report the harassment. They can assess the situation and possibly issue a protection order.
   - **Seek Legal Advice**: Consulting with a lawyer can help navigate the legal process, as it may be complex.
   - **Apply for Orders**: Use the legal framework provided by the act to obtain orders that prevent further contact or harassment.

3. **Support Services**: 
   - Utilize support organizations, shelters, or counseling services available in Northern Ireland to assist with recovery and safety planning.

4. **Evidence and Documentation**: Gather evidence of the harassment, as this is often crucial for authorities to take action and issue protective measures.

This response aims to empower the individual with actionable knowledge about their rights and available protections under the law.","['', ' Protection from Stalking Act (NothernIreland) 2022']",1,True,"Protection from Stalking Act (Northern Ireland) 2022
2022 CHAPTER 17
An Act to provide protection from stalking, and from threatening or abusive behaviour, and for related purposes.
[26th April 2022]
BE IT ENACTED by being passed by the Northern Ireland Assembly and assented to by Her Majesty as follows:","{'category': 'Exclusively or primarily applies to NothernIreland', 'country': 'NothernIreland', 'file': 'Protection from Stalking Act (Northern Ireland) 2022.txt', 'legislation': 'Acts of the Northern Ireland Assembly', 'url': 'https://www.legislation.gov.uk/nia/2022/17/introduction', 'year': '2022'}"
